prompt_id,domain,n_draft,acceptance_rate,tokens_per_sec,latency
p1,alpaca,0,1.0,2.521482646784003,11.897761833999994
p1,alpaca,2,0.32432432432432434,3.0197403193779597,9.934629083000004
p1,alpaca,4,0.20588235294117646,5.582982300390202,5.373472166999932
p1,alpaca,8,0.11023622047244094,4.45326931274976,6.736623790999943
p2,alpaca,0,1.0,7.85496865100725,3.819238667000036
p2,alpaca,2,0.6296296296296297,7.017977935127792,4.2747355830000515
p2,alpaca,4,0.46511627906976744,7.3557612599530735,4.07843579200005
p2,alpaca,8,0.27631578947368424,5.685728690329229,5.276368542
p3,alpaca,0,1.0,6.526429529202167,4.5966940829999885
p3,alpaca,2,0.8636363636363636,7.991902248735634,3.753799666999953
p3,alpaca,4,0.8214285714285714,10.894047386400016,2.753797458000008
p3,alpaca,8,0.6842105263157895,9.871026808886226,3.0391975
p4,alpaca,0,1.0,3.6823482997930808,8.146975124999926
p4,alpaca,2,1.0,8.21060390599638,3.653811625000003
p4,alpaca,4,0.8888888888888888,11.734115696162169,2.556647708000014
p4,alpaca,8,0.8125,5.433065008185342,5.521745084000031
p5,alpaca,0,1.0,3.511741524585282,8.542769958999997
p5,alpaca,2,0.782608695652174,7.253865464008053,4.135725999999977
p5,alpaca,4,0.5833333333333334,3.5434948986796817,8.466217916999994
p5,alpaca,8,0.38596491228070173,5.096735184342963,5.886121000000003
p6,alpaca,0,1.0,4.7179034169143215,6.358756707999987
p6,alpaca,2,0.6296296296296297,6.9111888133560235,4.340787209000041
p6,alpaca,4,0.4318181818181818,8.290195434951878,3.618732541999975
p6,alpaca,8,0.2876712328767123,5.973727348792236,5.021990166000023
p7,alpaca,0,1.0,2.4046709289993315,12.475719499999968
p7,alpaca,2,0.9523809523809523,4.893830455071199,6.130167417000052
p7,alpaca,4,0.8571428571428571,9.927075974540017,3.022037917000034
p7,alpaca,8,0.7878787878787878,7.647581513832893,3.9228087919999552
p8,alpaca,0,1.0,6.449255977553335,4.651699375000021
p8,alpaca,2,1.0,10.190400700828944,2.9439470419999907
p8,alpaca,4,0.8571428571428571,11.121868944808268,2.6973883750000596
p8,alpaca,8,0.6842105263157895,15.552843651138568,1.928907707999997
p9,alpaca,0,1.0,6.3674947590488165,4.711429083999974
p9,alpaca,2,0.9523809523809523,6.9644220179736624,4.307608000000073
p9,alpaca,4,0.8571428571428571,13.663352900822979,2.195654332999993
p9,alpaca,8,0.7878787878787878,16.113730356502792,1.8617662909999808
p10,alpaca,0,1.0,7.260599577307116,4.131890167000051
p10,alpaca,2,1.0,9.106902857240165,3.294204458999957
p10,alpaca,4,1.0,13.540613551089844,2.2155569159999686
p10,alpaca,8,1.0,20.298312457506174,1.477955374999965
p11,alpaca,0,1.0,7.1753847696457145,4.180960459000062
p11,alpaca,2,0.9523809523809523,8.386247742536638,3.577285208000035
p11,alpaca,4,0.7666666666666667,10.630769786960204,2.8219969579999997
p11,alpaca,8,0.6666666666666666,15.416536176607721,1.9459624170000325
p12,alpaca,0,1.0,7.726171931795903,3.8829060839999556
p12,alpaca,2,0.9523809523809523,8.449242963292638,3.5506139579999854
p12,alpaca,4,0.7666666666666667,10.444904931366935,2.8722137919999113
p12,alpaca,8,0.6666666666666666,14.850990728155132,2.020067250000011
p13,alpaca,0,1.0,5.345874597376093,5.611803915999985
p13,alpaca,2,0.9523809523809523,7.910193812528813,3.7925745829999187
p13,alpaca,4,0.7666666666666667,11.97390208055892,2.505448916999967
p13,alpaca,8,0.6666666666666666,15.45008213649857,1.9417372500000738
p14,alpaca,0,1.0,7.838370705813988,3.827325999999971
p14,alpaca,2,0.9090909090909091,9.683333216326215,3.0981067500000563
p14,alpaca,4,0.7931034482758621,11.696763739408759,2.564811999999961
p14,alpaca,8,0.65,15.385362292669758,1.94990533400005
p15,alpaca,0,1.0,7.925679843351384,3.7851642500000935
p15,alpaca,2,1.0,10.37854458229869,2.8905787090000103
p15,alpaca,4,0.8571428571428571,13.46833493041346,2.2274468339999203
p15,alpaca,8,0.6842105263157895,15.411430285400572,1.9466071249999004
p16,alpaca,0,1.0,7.374903507162044,4.067849832999968
p16,alpaca,2,1.0,10.560208809289767,2.8408529170000065
p16,alpaca,4,0.8571428571428571,13.292310798699935,2.256943917000058
p16,alpaca,8,0.6842105263157895,15.782468834775704,1.900843291000001
p17,alpaca,0,1.0,7.3068451469136875,4.105739125000014
p17,alpaca,2,0.5333333333333333,6.5828870545329465,4.557270958999993
p17,alpaca,4,0.47619047619047616,7.609832393220947,3.942268166999952
p17,alpaca,8,0.2916666666666667,7.144514557963628,4.199025666000011
p18,alpaca,0,1.0,7.327108256677269,4.094384708000007
p18,alpaca,2,1.0,9.311743915182952,3.2217380839999805
p18,alpaca,4,1.0,15.806562100262289,1.8979459170000155
p18,alpaca,8,1.0,20.47898118433872,1.4649166250000007
p19,alpaca,0,1.0,7.59566294461686,3.949622333000093
p19,alpaca,2,0.42424242424242425,5.617316170109674,5.34062870799994
p19,alpaca,4,0.25,4.659319640545577,6.438708291000012
p19,alpaca,8,0.1415929203539823,4.137403990847372,7.2509235420000095
p20,alpaca,0,1.0,6.585364849791951,4.555556249999995
p20,alpaca,2,0.8260869565217391,6.51024194833098,4.608123666999973
p20,alpaca,4,0.7666666666666667,3.7301720953751767,8.042524375000085
p20,alpaca,8,0.5319148936170213,11.230341286174774,2.6713346669999964
p101,writing_prompts,0,1.0,6.391909887493617,4.693432874999985
p101,writing_prompts,2,0.9090909090909091,6.637676246898458,4.51965400000006
p101,writing_prompts,4,0.8888888888888888,5.687658084937217,5.274578667000014
p101,writing_prompts,8,0.7027027027027027,10.309895261344376,2.909825875000024
p101,writing_prompts,16,0.5,10.068489784154446,2.9795928329999697
p101,writing_prompts,32,0.35,7.796309207730506,3.8479746249998925
p102,writing_prompts,0,1.0,5.734387015963021,5.2315966669999625
p102,writing_prompts,2,0.8260869565217391,3.76997065376302,7.957621625000002
p102,writing_prompts,4,0.8214285714285714,4.508901642932793,6.653505082999914
p102,writing_prompts,8,0.6578947368421053,10.24671966213153,2.9277662499999906
p102,writing_prompts,16,0.4727272727272727,10.835696144767171,2.7686269160000165
p102,writing_prompts,32,0.3333333333333333,10.702891274803443,2.8029809170000135
p103,writing_prompts,0,1.0,6.3752705235276075,4.705682667000019
p103,writing_prompts,2,0.9090909090909091,5.384463480616755,5.571585750000054
p103,writing_prompts,4,0.7931034482758621,10.513322153291291,2.8535223750000114
p103,writing_prompts,8,0.6410256410256411,10.214622988076785,2.936965958999963
p103,writing_prompts,16,0.4642857142857143,4.254563134189167,7.051252750000003
p103,writing_prompts,32,0.32926829268292684,4.863969565818188,6.167801749999967
p104,writing_prompts,0,1.0,5.0145330226586315,5.982610915999999
p104,writing_prompts,2,0.9090909090909091,6.638561638835458,4.51905120899994
p104,writing_prompts,4,0.7931034482758621,9.595695371056372,3.126401875000056
p104,writing_prompts,8,0.8387096774193549,14.003045312279175,2.1423911250000174
p104,writing_prompts,16,0.675,15.601096601080496,1.92294174999995
p104,writing_prompts,32,0.509090909090909,12.670939773285783,2.367622333999975
p105,writing_prompts,0,1.0,6.60371382960205,4.5428982500000075
p105,writing_prompts,2,0.8636363636363636,5.4587649965174085,5.4957485840001254
p105,writing_prompts,4,0.7333333333333333,8.730521540377685,3.4362208329998793
p105,writing_prompts,8,0.5581395348837209,8.646276402040488,3.4697017080000023
p105,writing_prompts,16,0.43333333333333335,9.482034014821274,3.1638781250001102
p105,writing_prompts,32,0.2826086956521739,8.84816667645505,3.3905328749999626
p106,writing_prompts,0,1.0,6.531686580972389,4.592994417
p106,writing_prompts,2,1.0,5.481911488601521,5.472543666999854
p106,writing_prompts,4,1.0,9.534023413893095,3.146625374999985
p106,writing_prompts,8,1.0,12.050335857983873,2.48955716699993
p106,writing_prompts,16,1.0,26.126340071041056,1.1482664589998421
p106,writing_prompts,32,1.0,36.515676175524526,0.821564958999943
p107,writing_prompts,0,1.0,5.780688622123659,5.189693124999849
p107,writing_prompts,2,0.9090909090909091,5.199435168026093,5.769857500000171
p107,writing_prompts,4,0.8888888888888888,9.191157699676415,3.2640066659998865
p107,writing_prompts,8,0.7027027027027027,8.698626937917536,3.448820165999905
p107,writing_prompts,16,0.5,7.831386506164012,3.830739291999862
p107,writing_prompts,32,0.35,12.443164121386323,2.410962333000043
p108,writing_prompts,0,1.0,6.961203771341144,4.309599458000093
p108,writing_prompts,2,1.0,7.960932695094245,3.7684026669999184
p108,writing_prompts,4,0.9230769230769231,11.080437959585117,2.7074742089998836
p108,writing_prompts,8,0.8125,8.722987678525376,3.4391886250000425
p108,writing_prompts,16,0.6666666666666666,9.569671414566212,3.1349038749999636
p108,writing_prompts,32,0.5087719298245614,18.798999792700922,1.5958295829998406
p109,writing_prompts,0,1.0,6.180473959521924,4.853996667000047
p109,writing_prompts,2,0.8260869565217391,6.421014525110834,4.672158874999923
p109,writing_prompts,4,0.71875,10.287029700546526,2.9162937090000014
p109,writing_prompts,8,0.6097560975609756,10.587444969998561,2.833544834000122
p109,writing_prompts,16,0.3939393939393939,11.028935501210976,2.7201174580000043
p109,writing_prompts,32,0.2903225806451613,9.151908876507944,3.2780046660000153
p110,writing_prompts,0,1.0,7.006012549694778,4.28203629199993
p110,writing_prompts,2,0.9090909090909091,7.435152304252103,4.034887084000047
p110,writing_prompts,4,0.7931034482758621,7.2950790997487,4.112361167000017
p110,writing_prompts,8,0.8387096774193549,11.19235030076734,2.680402167000011
p110,writing_prompts,16,0.675,12.84998839847371,2.3346324579999873
p110,writing_prompts,32,0.509090909090909,6.485794200526358,4.625493667000001
p111,writing_prompts,0,1.0,5.668015097597753,5.292858167000077
p111,writing_prompts,2,1.0,7.444091000079206,4.030042082999898
p111,writing_prompts,4,0.9230769230769231,9.74693002967317,3.0778922090000833
p111,writing_prompts,8,0.8125,15.2123835783791,1.9720775410000897
p111,writing_prompts,16,0.6666666666666666,16.852622879842528,1.780138332999968
p111,writing_prompts,32,0.5087719298245614,18.61551887384748,1.6115586250000433
p112,writing_prompts,0,1.0,7.178066198459395,4.179398624999976
p112,writing_prompts,2,0.8260869565217391,6.783452724810848,4.422526583000035
p112,writing_prompts,4,0.71875,10.52675040390918,2.8498823329998686
p112,writing_prompts,8,0.6097560975609756,11.199336129635622,2.6787302079999336
p112,writing_prompts,16,0.3939393939393939,9.842156820087475,3.0481123750000734
p112,writing_prompts,32,0.2903225806451613,10.026180027080915,2.9921664999999393
p113,writing_prompts,0,1.0,7.338750601370249,4.087889292
p113,writing_prompts,2,0.9523809523809523,8.952594001324709,3.3509840829999575
p113,writing_prompts,4,0.8888888888888888,13.920462075818039,2.1551008750000165
p113,writing_prompts,8,0.7222222222222222,15.979693006128457,1.8773827499999243
p113,writing_prompts,16,0.6222222222222222,19.460680214256197,1.541569958999844
p113,writing_prompts,32,0.4,13.471262597454858,2.2269627499999842
p114,writing_prompts,0,1.0,7.478211218318072,4.01165454199986
p114,writing_prompts,2,0.9523809523809523,9.790305525248574,3.0642557500000294
p114,writing_prompts,4,0.7931034482758621,11.712671763891528,2.561328499999945
p114,writing_prompts,8,0.6666666666666666,16.238333634152063,1.8474802080002064
p114,writing_prompts,16,0.5833333333333334,19.363163308352775,1.5493336250001448
p114,writing_prompts,32,0.3835616438356164,14.705874848619056,2.040001041000096
p115,writing_prompts,0,1.0,7.65148074868013,3.920809707999979
p115,writing_prompts,2,0.9090909090909091,8.67649001995736,3.4576193750001494
p115,writing_prompts,4,0.8571428571428571,10.695374637962425,2.804950833000021
p115,writing_prompts,8,0.7027027027027027,14.648679496470383,2.0479661670001406
p115,writing_prompts,16,0.6086956521739131,11.032872549677556,2.719146791999947
p115,writing_prompts,32,0.39436619718309857,12.904291911872148,2.3248079170000437
p116,writing_prompts,0,1.0,7.042886650184546,4.259617041999945
p116,writing_prompts,2,1.0,8.765131614110153,3.422652542000151
p116,writing_prompts,4,0.9230769230769231,11.778394802076305,2.5470363750000615
p116,writing_prompts,8,0.7428571428571429,14.973785580755779,2.0035013750000417
p116,writing_prompts,16,0.6363636363636364,6.8543407384140345,4.376788540999996
p116,writing_prompts,32,0.4057971014492754,12.774915973511836,2.3483520409999983
p117,writing_prompts,0,1.0,7.580949377452318,3.9572880000000623
p117,writing_prompts,2,0.75,7.484231659422694,4.008427499999925
p117,writing_prompts,4,0.6285714285714286,9.372423558839202,3.200879666999981
p117,writing_prompts,8,0.3898305084745763,8.872321307567587,3.3813022499998624
p117,writing_prompts,16,0.24242424242424243,8.022294313155957,3.7395785829999113
p117,writing_prompts,32,0.17266187050359713,6.48096785477761,4.628938249999919
p118,writing_prompts,0,1.0,7.332871484644403,4.091166749999957
p118,writing_prompts,2,0.72,7.10300708807298,4.223563291999881
p118,writing_prompts,4,0.47619047619047616,8.717683065408343,3.4412813330000063
p118,writing_prompts,8,0.30985915492957744,7.406057630546124,4.050738124999953
p118,writing_prompts,16,0.19327731092436976,6.756217514733533,4.440354375000197
p118,writing_prompts,32,0.13529411764705881,3.7625999874246094,7.973210040999902
p119,writing_prompts,0,1.0,5.407112055593264,5.548248250000142
p119,writing_prompts,2,1.0,8.182656438435556,3.6662910420000117
p119,writing_prompts,4,0.9230769230769231,13.523797996382413,2.2183117499998843
p119,writing_prompts,8,0.7428571428571429,16.18825210450702,1.8531957499999407
p119,writing_prompts,16,0.6363636363636364,19.865958313519204,1.510120958000016
p119,writing_prompts,32,0.4057971014492754,8.540392883733588,3.51271895900004
p120,writing_prompts,0,1.0,6.033682125412714,4.97208825000007
p120,writing_prompts,2,0.9090909090909091,8.921352700102855,3.3627187500001128
p120,writing_prompts,4,0.7666666666666667,11.902461905141147,2.5204869579999922
p120,writing_prompts,8,0.6410256410256411,12.878851773503822,2.3294002079999245
p120,writing_prompts,16,0.5625,16.574346021596003,1.8100261669999327
p120,writing_prompts,32,0.3698630136986301,6.777420639086808,4.426462750000155
